CompilationTestHelper.java:CompilationTestHelper(),1
CompilationTestHelper.java:newInstance(),1
CompilationTestHelper.java:newInstance(),1
CompilationTestHelper.java:newInstance(),1
CompilationTestHelper.java:disableImplicitProcessing(),3
CompilationTestHelper.java:buildArguments(),1
CompilationTestHelper.java:fileManager(),1
CompilationTestHelper.java:assertCompileSucceeds(),1
CompilationTestHelper.java:assertCompileSucceeds(),1
CompilationTestHelper.java:assertCompileSucceeds(),1
CompilationTestHelper.java:assertCompileSucceedsWithMessages(),1
CompilationTestHelper.java:assertCompileSucceedsWithMessages(),1
CompilationTestHelper.java:assertCompileSucceedsIgnoringWarnings(),1
CompilationTestHelper.java:assertCompileFailsWithMessages(),1
CompilationTestHelper.java:assertCompileFailsWithMessages(),1
CompilationTestHelper.java:assertCompileFailsWithMessages(),1
CompilationTestHelper.java:compile(),1
CompilationTestHelper.java:checkWellFormed(),2
CompilationTestHelper.java:asJavacList(),1
ErrorProneInMemoryFileManager.java:ErrorProneInMemoryFileManager(),1
ErrorProneInMemoryFileManager.java:sources(),1
ErrorProneInMemoryFileManager.java:source(),2
ErrorProneInMemoryFileManager.java:forSourceLines(),3
ErrorProneOptionsTest.java:nonErrorProneFlagsPlacedInRemainingArgs(),1
ErrorProneOptionsTest.java:malformedOptionThrowsProperException(),2
ErrorProneOptionsTest.java:handlesErrorProneFlags(),1
ErrorProneOptionsTest.java:combineErrorProneFlagsWithNonErrorProneFlags(),1
ErrorProneOptionsTest.java:lastCheckFlagWins(),1
NullAnnotationProcessor.java:getSupportedSourceVersion(),1
NullAnnotationProcessor.java:process(),1
DescriptionListener.java:onDescribed(),1
EndPosTableUtil.java:EndPosTableUtil(),1
EndPosTableUtil.java:isEmpty(),1
EndPosTableUtil.java:getMap(),2
EndPosTableUtil.java:getFieldOrDie(),2
EndPosTableUtil.java:getEntries(),6
EndPosTableUtil.java:resetEndPosMap(),2
ErrorProneJavaCompiler.java:ErrorProneJavaCompiler(),1
ErrorProneJavaCompiler.java:ErrorProneJavaCompiler(),1
ErrorProneJavaCompiler.java:ErrorProneJavaCompiler(),1
ErrorProneJavaCompiler.java:ErrorProneJavaCompiler(),1
ErrorProneJavaCompiler.java:getTask(),2
ErrorProneJavaCompiler.java:getStandardFileManager(),1
ErrorProneJavaCompiler.java:isSupportedOption(),2
ErrorProneJavaCompiler.java:run(),1
ErrorProneJavaCompiler.java:getSourceVersions(),2
InvalidCommandLineOptionException.java:InvalidCommandLineOptionException(),1
AbstractSuppressWarningsMatcher.java:processSuppressWarningsValues(),1
AbstractSuppressWarningsMatcher.java:getSuggestedFix(),8
ArrayEquals.java:matchMethodInvocation(),3
ArrayHashCode.java:matchMethodInvocation(),5
ArrayToString.java:matchMethodInvocation(),4
ArrayToStringCompoundAssignment.java:matchCompoundAssignment(),2
ArrayToStringConcatenation.java:matchBinary(),3
ArraysAsListPrimitiveArray.java:matchMethodInvocation(),3
CannotMockFinalClass.java:matchVariable(),2
CannotMockFinalClass.java:matchMethodInvocation(),2
CollectionIncompatibleType.java:argCastableToMethodReceiverTypeParam(),1
CollectionIncompatibleType.java:matchMethodInvocation(),2
DepAnn.java:matchMethod(),1
DepAnn.java:matchClass(),1
DepAnn.java:matchVariable(),1
DepAnn.java:checkDeprecatedAnnotation(),3
DivZero.java:matchBinary(),1
DivZero.java:matchCompoundAssignment(),1
DivZero.java:matchDivZero(),5
ElementsCountedInLoop.java:matchWhileLoop(),4
ElementsCountedInLoop.java:matchEnhancedForLoop(),4
ElementsCountedInLoop.java:extractSingleStatement(),3
ElementsCountedInLoop.java:getIncrementedIdentifer(),18
ElementsCountedInLoop.java:isConstantOne(),8
EmptyIfStatement.java:matchEmptyStatement(),5
EqualsNaN.java:matchBinary(),6
EqualsNaN.java:toString(),2
EqualsNaN.java:matchNaN(),7
FallThroughSuppression.java:matchAnnotation(),2
FallThroughSuppression.java:processSuppressWarningsValues(),1
GuiceOverridesGuiceInjectableMethod.java:matchMethod(),5
GuiceOverridesGuiceInjectableMethod.java:isAnnotatedWith(),2
GuiceOverridesJavaxInjectableMethod.java:matchMethod(),6
GuiceOverridesJavaxInjectableMethod.java:findSuperMethod(),3
GuiceOverridesJavaxInjectableMethod.java:isAnnotatedWith(),2
InjectAssistedInjectAndInjectOnConstructors.java:matchAnnotation(),5
InjectInvalidTargetingOnScopingAnnotation.java:matchClass(),9
InjectInvalidTargetingOnScopingAnnotation.java:describe(),3
InjectMoreThanOneInjectableConstructor.java:matchMethod(),6
InjectMoreThanOneInjectableConstructor.java:describe(),3
InjectMoreThanOneQualifier.java:matchAnnotation(),4
InjectMoreThanOneQualifier.java:getSiblingAnnotations(),1
InjectMoreThanOneScopeAnnotationOnClass.java:matchAnnotation(),5
InjectScopeOrQualifierAnnotationRetention.java:matchClass(),5
InjectScopeOrQualifierAnnotationRetention.java:describe(),3
JUnit3TestNotRun.java:matchMethod(),4
JUnit4SetUpNotRun.java:methodMatcher(),1
JUnit4SetUpNotRun.java:correctAnnotation(),1
JUnit4SetUpNotRun.java:annotationReplacements(),1
JUnit4TearDownNotRun.java:methodMatcher(),1
JUnit4TearDownNotRun.java:correctAnnotation(),1
JUnit4TearDownNotRun.java:annotationReplacements(),1
JUnit4TestNotRun.java:matchMethod(),4
JUnitAmbiguousTestClass.java:matchClass(),2
MalformedFormatString.java:getFormatterType(),1
MalformedFormatString.java:matchMethodInvocation(),11
MissingCasesInEnumSwitch.java:matchSwitch(),4
MissingCasesInEnumSwitch.java:buildMessage(),4
MissingCasesInEnumSwitch.java:collectEnumSwitchCases(),2
MissingCasesInEnumSwitch.java:setDifference(),1
MissingCasesInEnumSwitch.java:hasDefaultCase(),2
MissingCasesInEnumSwitch.java:isDefaultCase(),1
MisusedWeekYear.java:matchMethodInvocation(),2
MisusedWeekYear.java:matchNewClass(),2
MisusedWeekYear.java:constructDescription(),5
ModifyingCollectionWithItself.java:matchMethodInvocation(),2
ModifyingCollectionWithItself.java:describe(),19
NarrowingCompoundAssignment.java:assignmentToString(),13
NarrowingCompoundAssignment.java:regularAssignmentFromCompound(),13
NarrowingCompoundAssignment.java:matchCompoundAssignment(),10
NarrowingCompoundAssignment.java:type(),1
NonRuntimeAnnotation.java:matchMethodInvocation(),4
NumericEquality.java:matchBinary(),9
NumericEquality.java:isFinal(),1
Overrides.java:matchMethod(),9
PreconditionsCheckNotNull.java:matchMethodInvocation(),3
PreconditionsInvalidPlaceholder.java:expectedArguments(),2
PreconditionsInvalidPlaceholder.java:matchMethodInvocation(),7
PreconditionsInvalidPlaceholder.java:describe(),3
ProtoStringFieldReferenceEquality.java:matchBinary(),8
SelfAssignment.java:matchAssignment(),2
SelfAssignment.java:matchVariable(),9
SelfAssignment.java:stripCheckNotNull(),4
SelfAssignment.java:describeForVarDecl(),2
SelfAssignment.java:describeForAssignment(),20
SelfEquality.java:matchBinary(),19
StaticAccessedFromInstance.java:matchMemberSelect(),9
StringBuilderInitWithChar.java:matchNewClass(),5
SuppressWarningsDeprecated.java:matchAnnotation(),2
SuppressWarningsDeprecated.java:processSuppressWarningsValues(),3
WrongParameterPackage.java:matchMethod(),8
WrongParameterPackage.java:describe(),7
ArrayEqualsTest.java:setUp(),1
ArrayEqualsTest.java:testPositiveCase(),1
ArrayEqualsTest.java:testJava7PositiveCase(),1
ArrayEqualsTest.java:testNegativeCase(),1
ArrayEqualsTest.java:testJava7NegativeCase(),1
ArrayHashCodeTest.java:setUp(),1
ArrayHashCodeTest.java:testPositiveCase(),1
ArrayHashCodeTest.java:testJava7PositiveCase(),1
ArrayHashCodeTest.java:testNegativeCase(),1
ArrayHashCodeTest.java:testJava7NegativeCase(),1
ArrayToStringCompoundAssignmentTest.java:setUp(),1
ArrayToStringCompoundAssignmentTest.java:testPositiveCase(),1
ArrayToStringCompoundAssignmentTest.java:testNegativeCase(),1
ArrayToStringConcatenationTest.java:setUp(),1
ArrayToStringConcatenationTest.java:testPositiveCase(),1
ArrayToStringConcatenationTest.java:testNegativeCase(),1
ArrayToStringTest.java:setUp(),1
ArrayToStringTest.java:testPositiveCase(),1
ArrayToStringTest.java:testNegativeCase(),1
BadShiftAmountTest.java:setUp(),1
BadShiftAmountTest.java:testPositiveCase(),1
BadShiftAmountTest.java:testNegativeCase(),1
ChainingConstructorIgnoresParameterTest.java:setUp(),1
ChainingConstructorIgnoresParameterTest.java:testPositiveCase(),1
ChainingConstructorIgnoresParameterTest.java:testNegativeCase(),1
CheckReturnValueTest.java:setUp(),1
CheckReturnValueTest.java:testPositiveCases(),1
CheckReturnValueTest.java:testNegativeCase(),1
CheckReturnValueTest.java:testPackageAnnotation(),1
CheckReturnValueTest.java:testClassAnnotation(),1
CheckReturnValueTest.java:testVoidReturningMethodInAnnotatedPackage(),1
CheckReturnValueTest.java:badCRVOnProcedure(),1
CheckReturnValueTest.java:testPackageAnnotationButCanIgnoreReturnValue(),1
CheckReturnValueTest.java:testClassAnnotationButCanIgnoreReturnValue(),1
CheckReturnValueTest.java:badCanIgnoreReturnValueOnProcedure(),1
CheckReturnValueTest.java:testNestedClassAnnotation(),1
CheckReturnValueTest.java:testNestedClassWithCanIgnoreAnnotation(),1
CheckReturnValueTest.java:testPackageWithCanIgnoreAnnotation(),1
CheckReturnValueTest.java:errorBothClass(),1
CheckReturnValueTest.java:errorBothMethod(),1
ClassCanBeStaticTest.java:setUp(),1
ClassCanBeStaticTest.java:testNegativeCase(),1
ClassCanBeStaticTest.java:testPositiveCase1(),1
ClassCanBeStaticTest.java:testPositiveCase2(),1
ClassCanBeStaticTest.java:testPositiveCase3(),1
CollectionIncompatibleTypeTest.java:setUp(),1
CollectionIncompatibleTypeTest.java:testPositiveCase(),1
CollectionIncompatibleTypeTest.java:testNegativeCase(),1
CollectionIncompatibleTypeTest.java:testOutOfBounds(),1
CollectionIncompatibleTypeTest.java:testClassCast(),1
ComparisonOutOfRangeTest.java:setUp(),1
ComparisonOutOfRangeTest.java:testPositiveCases(),1
ComparisonOutOfRangeTest.java:testNegativeCases(),1
CovariantEqualsTest.java:setUp(),1
CovariantEqualsTest.java:testPositiveCase1(),1
CovariantEqualsTest.java:testPositiveCase2(),1
CovariantEqualsTest.java:testPositiveCase3(),1
CovariantEqualsTest.java:testPositiveCase4(),1
CovariantEqualsTest.java:testPositiveCase5(),1
CovariantEqualsTest.java:testNegativeCase(),1
DeadExceptionTest.java:setUp(),1
DeadExceptionTest.java:testPositiveCase(),1
DeadExceptionTest.java:testNegativeCase(),1
DeadExceptionTest.java:testNegativeCaseWhenExceptionsUnthrownInTests(),1
DepAnnTest.java:setUp(),1
DepAnnTest.java:testPositiveCase(),1
DepAnnTest.java:testNegativeCase1(),1
DepAnnTest.java:testNegativeCase2(),1
DepAnnTest.java:testDisableable(),1
DivZeroTest.java:setUp(),1
DivZeroTest.java:testPositiveCase(),1
DivZeroTest.java:testNegativeCase(),1
ElementsCountedInLoopTest.java:setUp(),1
ElementsCountedInLoopTest.java:testPositiveCase(),1
ElementsCountedInLoopTest.java:testNegativeCase(),1
EmptyIfStatementTest.java:setUp(),1
EmptyIfStatementTest.java:testPositiveCase(),1
EmptyIfStatementTest.java:testNegativeCase(),1
EqualsNaNTest.java:setUp(),1
EqualsNaNTest.java:testPositiveCase(),1
EqualsNaNTest.java:testNegativeCase(),1
FinallyTest.java:setUp(),1
FinallyTest.java:testPositiveCase1(),1
FinallyTest.java:testPositiveCase2(),1
FinallyTest.java:testNegativeCase1(),1
FinallyTest.java:testNegativeCase2(),1
GuiceAssistedInjectScopingTest.java:setUp(),1
GuiceAssistedInjectScopingTest.java:testPositiveCase(),1
GuiceAssistedInjectScopingTest.java:testNegativeCase(),1
GuiceAssistedParametersTest.java:setUp(),1
GuiceAssistedParametersTest.java:testPositiveCase(),1
GuiceAssistedParametersTest.java:testNegativeCase(),1
GuiceInjectOnFinalFieldTest.java:setUp(),1
GuiceInjectOnFinalFieldTest.java:testPositiveCase(),1
GuiceInjectOnFinalFieldTest.java:testNegativeCase(),1
GuiceOverridesGuiceInjectableMethodTest.java:setUp(),1
GuiceOverridesGuiceInjectableMethodTest.java:testPositiveCase(),1
GuiceOverridesGuiceInjectableMethodTest.java:testNegativeCase(),1
GuiceOverridesJavaxInjectableMethodTest.java:setUp(),1
GuiceOverridesJavaxInjectableMethodTest.java:testPositiveCase(),1
GuiceOverridesJavaxInjectableMethodTest.java:testNegativeCase(),1
InjectAssistedInjectAndInjectOnConstructorsTest.java:setUp(),1
InjectAssistedInjectAndInjectOnConstructorsTest.java:testPositiveCase(),1
InjectAssistedInjectAndInjectOnConstructorsTest.java:testNegativeCase(),1
InjectAssistedInjectAndInjectOnSameConstructorTest.java:setUp(),1
InjectAssistedInjectAndInjectOnSameConstructorTest.java:testPositiveCase(),1
InjectAssistedInjectAndInjectOnSameConstructorTest.java:testNegativeCase(),1
InjectInvalidTargetingOnScopingAnnotationTest.java:setUp(),1
InjectInvalidTargetingOnScopingAnnotationTest.java:testPositiveCase(),1
InjectInvalidTargetingOnScopingAnnotationTest.java:testNegativeCase(),1
InjectJavaxInjectOnAbstractMethodTest.java:setUp(),1
InjectJavaxInjectOnAbstractMethodTest.java:testPositiveCase(),1
InjectJavaxInjectOnAbstractMethodTest.java:testNegativeCase(),1
InjectJavaxInjectOnFinalFieldTest.java:setUp(),1
InjectJavaxInjectOnFinalFieldTest.java:testPositiveCase(),1
InjectJavaxInjectOnFinalFieldTest.java:testNegativeCase(),1
InjectMoreThanOneInjectableConstructorTest.java:setUp(),1
InjectMoreThanOneInjectableConstructorTest.java:testPositiveCase(),1
InjectMoreThanOneInjectableConstructorTest.java:testNegativeCase(),1
InjectMoreThanOneQualifierTest.java:setUp(),1
InjectMoreThanOneQualifierTest.java:testPositiveCase(),1
InjectMoreThanOneQualifierTest.java:testNegativeCase(),1
InjectMoreThanOneScopeAnnotationOnClassTest.java:setUp(),1
InjectMoreThanOneScopeAnnotationOnClassTest.java:testPositiveCase(),1
InjectMoreThanOneScopeAnnotationOnClassTest.java:testNegativeCase(),1
InjectOverlappingQualifierAndScopeAnnotationTest.java:setUp(),1
InjectOverlappingQualifierAndScopeAnnotationTest.java:testPositiveCase(),1
InjectOverlappingQualifierAndScopeAnnotationTest.java:testNegativeCase(),1
InjectScopeAnnotationOnInterfaceOrAbstractClassTest.java:setUp(),1
InjectScopeAnnotationOnInterfaceOrAbstractClassTest.java:testPositiveCase(),1
InjectScopeAnnotationOnInterfaceOrAbstractClassTest.java:testNegativeCase(),1
InjectScopeOrQualifierAnnotationRetentionTest.java:setUp(),1
InjectScopeOrQualifierAnnotationRetentionTest.java:testPositiveCase(),1
InjectScopeOrQualifierAnnotationRetentionTest.java:testNegativeCase(),1
InjectedConstructorAnnotationsTest.java:setUp(),1
InjectedConstructorAnnotationsTest.java:testPositiveCase(),1
InjectedConstructorAnnotationsTest.java:testNegativeCase(),1
InvalidPatternSyntaxTest.java:setUp(),1
InvalidPatternSyntaxTest.java:testPositiveCase(),1
InvalidPatternSyntaxTest.java:testNegativeCase(),1
JUnit3TestNotRunTest.java:setUp(),1
JUnit3TestNotRunTest.java:testPositiveCases(),1
JUnit3TestNotRunTest.java:testNegativeCase1(),1
JUnit3TestNotRunTest.java:testNegativeCase2(),1
JUnit3TestNotRunTest.java:testNegativeCase3(),1
JUnit3TestNotRunTest.java:testNegativeCase4(),1
JUnit3TestNotRunTest.java:testNegativeCase5(),1
JUnit4SetUpNotRunTest.java:setUp(),1
JUnit4SetUpNotRunTest.java:testPositiveCases(),1
JUnit4SetUpNotRunTest.java:testPositiveCase_customBefore(),1
JUnit4SetUpNotRunTest.java:testNegativeCases(),1
JUnit4TearDownNotRunTest.java:setUp(),1
JUnit4TearDownNotRunTest.java:testPositiveCases(),1
JUnit4TearDownNotRunTest.java:testPositiveCase_customAnnotation(),1
JUnit4TearDownNotRunTest.java:testNegativeCases(),1
JUnit4TestNotRunTest.java:setUp(),1
JUnit4TestNotRunTest.java:testPositiveCase1(),1
JUnit4TestNotRunTest.java:testPositiveCase2(),1
JUnit4TestNotRunTest.java:testNegativeCase1(),1
JUnit4TestNotRunTest.java:testNegativeCase2(),1
JUnit4TestNotRunTest.java:testNegativeCase3(),1
JUnit4TestNotRunTest.java:testNegativeCase4(),1
JUnit4TestNotRunTest.java:testNegativeCase5(),1
JUnit4TestNotRunTest.java:testSerialization(),1
LongLiteralLowerCaseSuffixTest.java:setUp(),1
LongLiteralLowerCaseSuffixTest.java:testPositiveCase(),1
LongLiteralLowerCaseSuffixTest.java:testJava7PositiveCase(),1
LongLiteralLowerCaseSuffixTest.java:testNegativeCase(),1
LongLiteralLowerCaseSuffixTest.java:testDisableable(),1
MalformedFormatStringTest.java:setUp(),1
MalformedFormatStringTest.java:testPositiveCases(),1
MalformedFormatStringTest.java:testNegativeCases(),1
MissingCasesInEnumSwitchTest.java:setUp(),1
MissingCasesInEnumSwitchTest.java:testExhaustive(),1
MissingCasesInEnumSwitchTest.java:testNonExhaustive_withDefault(),1
MissingCasesInEnumSwitchTest.java:testNonExhaustive(),1
MissingCasesInEnumSwitchTest.java:testNonExhaustive_manyCases(),1
MissingCasesInEnumSwitchTest.java:testNonExhaustive_nonEnum(),1
MisusedFormattingLoggerTest.java:setUp(),1
MisusedFormattingLoggerTest.java:testPositiveCases(),1
MisusedFormattingLoggerTest.java:testNegativeCases(),1
MisusedWeekYearTest.java:setUp(),1
MisusedWeekYearTest.java:testPositiveCase(),1
MisusedWeekYearTest.java:testNegativeCase(),1
ModifyingCollectionWithItselfTest.java:setUp(),1
ModifyingCollectionWithItselfTest.java:testPositiveCases1(),1
ModifyingCollectionWithItselfTest.java:testNegativeCase(),1
NarrowingCompoundAssignmentTest.java:testPositiveCase(),1
NarrowingCompoundAssignmentTest.java:testAllOps(),1
NarrowingCompoundAssignmentTest.java:testNegativeCase(),1
NarrowingCompoundAssignmentTest.java:testFloatFloat(),1
NarrowingCompoundAssignmentTest.java:testPreservePrecedence(),1
NarrowingCompoundAssignmentTest.java:testPreservePrecedence2(),1
NoAllocationCheckerTest.java:setUp(),1
NoAllocationCheckerTest.java:testPositiveCase(),1
NoAllocationCheckerTest.java:testNegativeCase(),1
NonAtomicVolatileUpdateTest.java:setUp(),1
NonAtomicVolatileUpdateTest.java:testPositiveCases(),1
NonAtomicVolatileUpdateTest.java:testNegativeCases(),1
NonRuntimeAnnotationTest.java:setUp(),1
NonRuntimeAnnotationTest.java:testPositiveCase(),1
NonRuntimeAnnotationTest.java:testNegativeCase(),1
NumericEqualityTest.java:setUp(),1
NumericEqualityTest.java:testPositiveCase(),1
NumericEqualityTest.java:testNegativeCase(),1
OverridesTest.java:setUp(),1
OverridesTest.java:testPositiveCase1(),1
OverridesTest.java:testPositiveCase2(),1
OverridesTest.java:testPositiveCase3(),1
OverridesTest.java:testPositiveCase4(),1
OverridesTest.java:testPositiveCase5(),1
OverridesTest.java:testNegativeCase1(),1
OverridesTest.java:testNegativeCase2(),1
OverridesTest.java:testNegativeCase3(),1
PreconditionsCheckNotNullTest.java:setUp(),1
PreconditionsCheckNotNullTest.java:testPositiveCase1(),1
PreconditionsCheckNotNullTest.java:testPositiveCase2(),1
PreconditionsCheckNotNullTest.java:testPositiveCase3(),1
PreconditionsCheckNotNullTest.java:testNegativeCase1(),1
PreconditionsCheckNotNullTest.java:testNegativeCase2(),1
PreconditionsInvalidPlaceholderTest.java:setUp(),1
PreconditionsInvalidPlaceholderTest.java:testPositiveCase1(),1
PreconditionsInvalidPlaceholderTest.java:testNegativeCase1(),1
PrimitiveArrayPassedToVarargsMethodTest.java:setUp(),1
PrimitiveArrayPassedToVarargsMethodTest.java:testPositiveCase(),1
PrimitiveArrayPassedToVarargsMethodTest.java:testNegativeCase(),1
ProtoFieldNullComparisonTest.java:setUp(),1
ProtoFieldNullComparisonTest.java:getSourceFiles(),1
ProtoFieldNullComparisonTest.java:testPositiveCase(),1
ProtoFieldNullComparisonTest.java:testNegativeCase(),1
ProtoFieldPreconditionsCheckNotNullTest.java:setUp(),1
ProtoFieldPreconditionsCheckNotNullTest.java:getSourceFiles(),1
ProtoFieldPreconditionsCheckNotNullTest.java:testPositiveCase(),1
ProtoFieldPreconditionsCheckNotNullTest.java:testNegativeCase(),1
ReturnValueIgnoredTest.java:setUp(),1
ReturnValueIgnoredTest.java:testPositiveCases(),1
ReturnValueIgnoredTest.java:testNegativeCase(),1
SelfAssignmentTest.java:setUp(),1
SelfAssignmentTest.java:testPositiveCases1(),1
SelfAssignmentTest.java:testPositiveCases2(),1
SelfAssignmentTest.java:testNegativeCase(),1
SelfEqualityTest.java:setUp(),1
SelfEqualityTest.java:testPositiveCase(),1
SelfEqualityTest.java:testNegativeCase(),1
SelfEqualsTest.java:SelfEqualsTest(),1
SelfEqualsTest.java:testPositiveCase1(),1
SelfEqualsTest.java:testPositiveCase2(),1
SelfEqualsTest.java:testNegativeCase(),1
SelfEqualsTest.java:testFlags(),2
SizeGreaterThanOrEqualsZeroTest.java:setUp(),1
SizeGreaterThanOrEqualsZeroTest.java:testCollectionSizePositiveCases(),1
SizeGreaterThanOrEqualsZeroTest.java:testCollectionSizeNegativeCases(),1
StaticAccessedFromInstanceTest.java:setUp(),1
StaticAccessedFromInstanceTest.java:testPositiveCase1(),1
StaticAccessedFromInstanceTest.java:testPositiveCase2(),1
StaticAccessedFromInstanceTest.java:testNegativeCases(),1
StringBuilderInitWithCharTest.java:setUp(),1
StringBuilderInitWithCharTest.java:testPositiveCases(),1
StringBuilderInitWithCharTest.java:testNegativeCases(),1
StringEqualityTest.java:setUp(),1
StringEqualityTest.java:testPositiveCase(),1
StringEqualityTest.java:testNegativeCase(),1
SuppressWarningsDeprecatedTest.java:setUp(),1
SuppressWarningsDeprecatedTest.java:testPositiveCase(),1
SuppressWarningsDeprecatedTest.java:testNegativeCase(),1
TryFailThrowableTest.java:setUp(),1
TryFailThrowableTest.java:testPositiveCases(),1
TryFailThrowableTest.java:testNegativeCases(),1
TypeParameterUnusedInFormalsTest.java:setUp(),1
TypeParameterUnusedInFormalsTest.java:evilCastImpl(),1
TypeParameterUnusedInFormalsTest.java:leadingParam(),1
TypeParameterUnusedInFormalsTest.java:trailingParam(),1
TypeParameterUnusedInFormalsTest.java:leadingAndTrailingParam(),1
TypeParameterUnusedInFormalsTest.java:superBound(),1
TypeParameterUnusedInFormalsTest.java:okFBound(),1
TypeParameterUnusedInFormalsTest.java:wildbound(),1
TypeParameterUnusedInFormalsTest.java:okGenericFactory(),1
TypeParameterUnusedInFormalsTest.java:okWithParam(),1
TypeParameterUnusedInFormalsTest.java:okNotMyParam(),1
TypeParameterUnusedInFormalsTest.java:okAlwaysThrows(),1
TypeParameterUnusedInFormalsTest.java:okAlwaysReturnsNull(),1
TypeParameterUnusedInFormalsTest.java:badCast(),1
TypeParameterUnusedInFormalsTest.java:abstractMethod(),1
WaitNotInLoopTest.java:setUp(),1
WaitNotInLoopTest.java:testPositiveCase(),1
WaitNotInLoopTest.java:testNegativeCase(),1
WrongParameterPackageTest.java:setUp(),1
WrongParameterPackageTest.java:testPositiveCase(),1
WrongParameterPackageTest.java:testNegativeCase(),1
AbstractLockMethodChecker.java:getLockExpressions(),1
AbstractLockMethodChecker.java:getActual(),1
AbstractLockMethodChecker.java:getUnwanted(),1
AbstractLockMethodChecker.java:buildMessage(),1
AbstractLockMethodChecker.java:matchMethod(),5
AbstractLockMethodChecker.java:formatLockString(),1
AbstractLockMethodChecker.java:parseLockExpressions(),2
GuardedByValidator.java:matchMethod(),1
GuardedByValidator.java:matchVariable(),1
GuardedByValidator.java:validate(),2
HeldLockSet.java:HeldLockSet(),1
HeldLockSet.java:HeldLockSet(),1
HeldLockSet.java:empty(),1
HeldLockSet.java:plus(),1
HeldLockSet.java:plusAll(),1
HeldLockSet.java:allLocks(),1
HeldLockSet.java:toString(),1
IllegalGuardedBy.java:IllegalGuardedBy(),1
IllegalGuardedBy.java:checkGuardedBy(),2
IllegalGuardedBy.java:checkGuardedBy(),2
IllegalGuardedBy.java:toString(),1
LockMethodChecker.java:getLockExpressions(),2
LockMethodChecker.java:getActual(),1
LockMethodChecker.java:getUnwanted(),1
LockMethodChecker.java:buildMessage(),1
SynchronizeOnNonFinalField.java:matchSynchronized(),4
UnlockMethodChecker.java:getLockExpressions(),2
UnlockMethodChecker.java:getActual(),1
UnlockMethodChecker.java:getUnwanted(),1
UnlockMethodChecker.java:buildMessage(),1
GuardedByCheckerTest.java:testLocked(),1
GuardedByCheckerTest.java:testStaticLocked(),1
GuardedByCheckerTest.java:testMonitor(),1
GuardedByCheckerTest.java:testWrongLock(),1
GuardedByCheckerTest.java:testGuardedStaticFieldAccess_1(),1
GuardedByCheckerTest.java:testGuardedStaticFieldAccess_2(),1
GuardedByCheckerTest.java:testGuardedStaticFieldAccess_3(),1
GuardedByCheckerTest.java:testGuardedStaticFieldAccess_EnclosingClass(),1
GuardedByCheckerTest.java:testBadStaticFieldAccess(),1
GuardedByCheckerTest.java:testBadGuard(),1
GuardedByCheckerTest.java:testUnheldInstanceGuard(),1
GuardedByCheckerTest.java:testCtor(),1
GuardedByCheckerTest.java:testBadGuardMethodAccess(),1
GuardedByCheckerTest.java:testTransitiveGuardMethodAccess(),1
GuardedByCheckerTest.java:testReadWriteLockCopy(),1
GuardedByCheckerTest.java:testReadWriteLock(),1
GuardedByCheckerTest.java:testReadWriteLockIsIgnored(),1
GuardedByCheckerTest.java:testInnerClass_enclosingClassLock(),1
GuardedByCheckerTest.java:testInnerClass_thisLock(),1
GuardedByCheckerTest.java:testAnonymousClass(),1
GuardedByCheckerTest.java:testInheritedLock(),1
GuardedByCheckerTest.java:testEnclosingSuperAccess(),1
GuardedByCheckerTest.java:testSuperAccess_this(),1
GuardedByCheckerTest.java:testSuperAccess_lock(),1
GuardedByCheckerTest.java:testSuperAccess_staticLock(),1
GuardedByCheckerTest.java:testOtherClass_bad_staticLock(),1
GuardedByCheckerTest.java:testOtherClass_bad_staticLock_alsoSub(),1
GuardedByCheckerTest.java:testOtherClass_staticLock(),1
GuardedByCheckerTest.java:instanceAccess_instanceGuard(),1
GuardedByCheckerTest.java:instanceAccess_lexicalGuard(),1
GuardedByCheckerTest.java:lexicalAccess_instanceGuard(),1
GuardedByCheckerTest.java:lexicalAccess_lexicalGuard(),1
GuardedByCheckerTest.java:instanceAccess_thisGuard(),1
GuardedByCheckerTest.java:instanceAccess_namedThisGuard(),1
GuardedByCheckerTest.java:lexicalAccess_thisGuard(),1
GuardedByCheckerTest.java:lexicalAccess_namedThisGuard(),1
GuardedByCheckerTest.java:complexLockExpression(),1
GuardedByCheckerTest.java:wrongInnerClassInstance(),1
GuardedByCheckerTest.java:tryWithResources(),1
GuardedByCheckerTest.java:tryWithResourcesAreUnsupported(),1
GuardedByCheckerTest.java:testLexicalScopingExampleOne(),1
GuardedByCheckerTest.java:testLexicalScopingExampleTwo(),1
GuardedByCheckerTest.java:testAliasing(),1
GuardedByCheckerTest.java:serializable(),1
GuardedByLockMethodTest.java:setUp(),1
GuardedByLockMethodTest.java:testSimple(),1
GuardedByValidatorTest.java:setUp(),1
GuardedByValidatorTest.java:testPositive(),1
GuardedByValidatorTest.java:testNegative(),1
GuardedByValidatorTest.java:testItself(),1
GuardedByValidatorTest.java:testBadInstanceAccess(),1
GuardedByValidatorTest.java:testClassName(),1
GuardedByValidatorTest.java:anonymousClassTypo(),1
GuardedByValidatorTest.java:anonymousClassPrivateAccess(),1
GuardedByValidatorTest.java:testStaticGuardedByInstance(),1
GuardedByValidatorTest.java:testStaticGuardedByInstanceMethod(),1
GuardedByValidatorTest.java:testStaticGuardedByStatic(),1
GuardedByValidatorTest.java:testNonExistantMethod(),1
LockMethodCheckerTest.java:testLocked(),1
LockMethodCheckerTest.java:testLockedAndUnlocked(),1
LockMethodCheckerTest.java:testLockedRWLock(),1
LockMethodCheckerTest.java:testLockedMonitor(),1
LockMethodCheckerTest.java:testNotLocked(),1
LockMethodCheckerTest.java:testNotLockedRWLock(),1
LockMethodCheckerTest.java:testNotLockedMonitor(),1
LockMethodCheckerTest.java:testBadLockExpression(),1
SynchronizeOnNonFinalFieldTest.java:testPositive1(),1
SynchronizeOnNonFinalFieldTest.java:testPositive2(),1
SynchronizeOnNonFinalFieldTest.java:testPositive3(),1
SynchronizeOnNonFinalFieldTest.java:testNegative(),1
UnlockMethodCheckerTest.java:testUnlocked(),1
UnlockMethodCheckerTest.java:testUnlockedAndLocked(),1
UnlockMethodCheckerTest.java:testUnlockedRWLock(),1
UnlockMethodCheckerTest.java:testUnlockedMonitor(),1
UnlockMethodCheckerTest.java:testNotUnlocked(),1
UnlockMethodCheckerTest.java:testNotUnlockedRWLock(),1
UnlockMethodCheckerTest.java:testNotUnlockedMonitor(),1
UnlockMethodCheckerTest.java:testBadLockExpression(),1
LocalStoreTest.java:leastUpperBoundEmpty(),1
LocalStoreTest.java:newStore(),1
ConstantPropagationAnalysis.java:numberValue(),3
NullnessTest.java:testLeastUpperBound(),1
NullnessTest.java:testGreatestLowerBound(),1
NullnessTest.java:testDeducedValueWhenNotEqual(),1
Nullness.java:Nullness(),1
Nullness.java:leastUpperBound(),4
Nullness.java:greatestLowerBound(),4
Nullness.java:deducedValueWhenNotEqual(),6
Nullness.java:toString(),1
AdjustedPosition.java:AdjustedPosition(),1
AdjustedPosition.java:getStartPosition(),1
AdjustedPosition.java:getTree(),1
AdjustedPosition.java:getPreferredPosition(),1
AdjustedPosition.java:getEndPosition(),1
Fix.java:toString(),1
Fix.java:getReplacements(),1
Fix.java:getImportsToAdd(),1
Fix.java:getImportsToRemove(),1
Fix.java:isEmpty(),1
IndexedPosition.java:IndexedPosition(),1
IndexedPosition.java:getTree(),1
IndexedPosition.java:getStartPosition(),1
IndexedPosition.java:getPreferredPosition(),1
IndexedPosition.java:getEndPosition(),1
Replacement.java:create(),1
Replacement.java:startPosition(),1
Replacement.java:endPosition(),1
Replacement.java:replaceWith(),1
NonDelegatingClassLoader.java:create(),1
NonDelegatingClassLoader.java:create(),1
NonDelegatingClassLoader.java:NonDelegatingClassLoader(),1
NonDelegatingClassLoader.java:loadClass(),4
DescendantOfTest.java:shouldMatchExactMethod(),1
DescendantOfTest.java:shouldMatchOverriddenMethod(),1
DescendantOfTest.java:shouldMatchBareOverriddenMethod(),1
DescendantOfTest.java:shouldNotMatchDifferentMethod(),1
DescendantOfTest.java:shouldNotMatchStaticMethod(),1
DescendantOfTransitiveTest.java:writeFileToLocalDisk(),1
DescendantOfTransitiveTest.java:assertCompilesWithLocalDisk(),1
DescendantOfTransitiveTest.java:setUp(),1
DescendantOfTransitiveTest.java:tearDown(),1
DescendantOfTransitiveTest.java:shouldMatchTransitively(),1
StringLiteralTest.java:matches(),1
StringLiteralTest.java:notMatches(),1
AbstractTypeMatcher.java:AbstractTypeMatcher(),1
AbstractTypeMatcher.java:AbstractTypeMatcher(),1
AbstractTypeMatcher.java:AbstractTypeMatcher(),1
AbstractTypeMatcher.java:AbstractTypeMatcher(),1
AbstractTypeMatcher.java:matches(),1
Annotation.java:Annotation(),1
Annotation.java:getChildNodes(),5
AnnotationHasArgumentWithValue.java:AnnotationHasArgumentWithValue(),1
AnnotationHasArgumentWithValue.java:matches(),5
AnnotationType.java:AnnotationType(),1
AnnotationType.java:matches(),3
CompoundAssignment.java:CompoundAssignment(),3
CompoundAssignment.java:matches(),3
CompoundAssignment.java:validateOperators(),2
Constructor.java:Constructor(),1
Constructor.java:matches(),3
ConstructorOfClass.java:ConstructorOfClass(),1
ConstructorOfClass.java:getChildNodes(),3
DescendantOf.java:DescendantOf(),1
DescendantOf.java:matches(),5
ExpressionMethodSelect.java:ExpressionMethodSelect(),1
ExpressionMethodSelect.java:matches(),2
InstanceMethod.java:InstanceMethod(),1
InstanceMethod.java:InstanceMethod(),1
InstanceMethod.java:methodReceiverMatcher(),1
InstanceMethod.java:matches(),8
IsCastableTo.java:IsCastableTo(),1
IsCastableTo.java:IsCastableTo(),1
IsCastableTo.java:IsCastableTo(),1
IsCastableTo.java:IsCastableTo(),1
IsCastableTo.java:matches(),2
IsSameType.java:IsSameType(),1
IsSameType.java:IsSameType(),1
IsSameType.java:IsSameType(),1
IsSameType.java:IsSameType(),1
IsSameType.java:matches(),2
IsStatic.java:matches(),2
IsSubtypeOf.java:IsSubtypeOf(),1
IsSubtypeOf.java:IsSubtypeOf(),1
IsSubtypeOf.java:IsSubtypeOf(),1
IsSubtypeOf.java:IsSubtypeOf(),1
IsSubtypeOf.java:matches(),2
IsSymbol.java:IsSymbol(),1
IsSymbol.java:matches(),1
Matcher.java:matches(),1
MethodHasParameters.java:MethodHasParameters(),1
MethodHasParameters.java:getChildNodes(),1
MethodInvocationArgument.java:MethodInvocationArgument(),1
MethodInvocationArgument.java:matches(),2
MethodInvocationMethodSelect.java:MethodInvocationMethodSelect(),1
MethodInvocationMethodSelect.java:matches(),1
MultiMatcher.java:getMatchingNode(),1
NewInstanceAnonymousInnerClass.java:NewInstanceAnonymousInnerClass(),1
NewInstanceAnonymousInnerClass.java:matches(),3
NextStatement.java:NextStatement(),1
NextStatement.java:matches(),4
NullnessMatcher.java:NullnessMatcher(),1
NullnessMatcher.java:matches(),1
ParentNode.java:ParentNode(),1
ParentNode.java:matches(),2
StaticMethod.java:StaticMethod(),1
StaticMethod.java:matches(),4
StringLiteral.java:StringLiteral(),1
StringLiteral.java:matches(),3
Suppressible.java:allNames(),1
Suppressible.java:suppressibility(),1
Suppressible.java:customSuppressionAnnotation(),1
ErrorProneScanner.java:ErrorProneScanner(),1
ErrorProneScanner.java:defaultSeverities(),1
ErrorProneScanner.java:ErrorProneScanner(),1
ErrorProneScanner.java:ErrorProneScanner(),1
ErrorProneScanner.java:getCustomSuppressionAnnotations(),1
ErrorProneScanner.java:registerNodeTypes(),53
ErrorProneScanner.java:visitAnnotation(),2
ErrorProneScanner.java:visitAnnotatedType(),2
ErrorProneScanner.java:visitArrayAccess(),2
ErrorProneScanner.java:visitArrayType(),2
ErrorProneScanner.java:visitAssert(),2
ErrorProneScanner.java:visitAssignment(),2
ErrorProneScanner.java:visitBinary(),2
ErrorProneScanner.java:visitBlock(),2
ErrorProneScanner.java:visitBreak(),2
ErrorProneScanner.java:visitCase(),2
ErrorProneScanner.java:visitCatch(),2
ErrorProneScanner.java:visitClass(),2
ErrorProneScanner.java:visitCompilationUnit(),2
ErrorProneScanner.java:visitCompoundAssignment(),2
ErrorProneScanner.java:visitConditionalExpression(),2
ErrorProneScanner.java:visitContinue(),2
ErrorProneScanner.java:visitDoWhileLoop(),2
ErrorProneScanner.java:visitEmptyStatement(),2
ErrorProneScanner.java:visitEnhancedForLoop(),2
ErrorProneScanner.java:visitExpressionStatement(),2
ErrorProneScanner.java:visitForLoop(),2
ErrorProneScanner.java:visitIdentifier(),2
ErrorProneScanner.java:visitIf(),2
ErrorProneScanner.java:visitImport(),2
ErrorProneScanner.java:visitInstanceOf(),2
ErrorProneScanner.java:visitIntersectionType(),2
ErrorProneScanner.java:visitLabeledStatement(),2
ErrorProneScanner.java:visitLambdaExpression(),2
ErrorProneScanner.java:visitLiteral(),2
ErrorProneScanner.java:visitMemberSelect(),2
ErrorProneScanner.java:visitMemberReference(),2
ErrorProneScanner.java:visitMethod(),3
ErrorProneScanner.java:visitMethodInvocation(),2
ErrorProneScanner.java:visitModifiers(),2
ErrorProneScanner.java:visitNewArray(),2
ErrorProneScanner.java:visitNewClass(),2
ErrorProneScanner.java:visitParameterizedType(),2
ErrorProneScanner.java:visitParenthesized(),2
ErrorProneScanner.java:visitPrimitiveType(),2
ErrorProneScanner.java:visitReturn(),2
ErrorProneScanner.java:visitSwitch(),2
ErrorProneScanner.java:visitSynchronized(),2
ErrorProneScanner.java:visitThrow(),2
ErrorProneScanner.java:visitTry(),2
ErrorProneScanner.java:visitTypeCast(),2
ErrorProneScanner.java:visitTypeParameter(),2
ErrorProneScanner.java:visitUnary(),2
ErrorProneScanner.java:visitUnionType(),2
ErrorProneScanner.java:visitVariable(),2
ErrorProneScanner.java:visitWhileLoop(),2
ErrorProneScanner.java:visitWildcard(),2
ErrorProneScanner.java:severityMap(),1
InstanceReturningScannerSupplierImpl.java:InstanceReturningScannerSupplierImpl(),1
InstanceReturningScannerSupplierImpl.java:get(),1
InstanceReturningScannerSupplierImpl.java:getAllChecks(),1
InstanceReturningScannerSupplierImpl.java:severities(),1
InstanceReturningScannerSupplierImpl.java:getEnabledChecks(),1
Scanner.java:scan(),5
Scanner.java:scan(),6
Scanner.java:isSuppressed(),2
Scanner.java:getCustomSuppressionAnnotations(),1
Scanner.java:reportMatch(),3
Scanner.java:severityMap(),1
Supplier.java:get(),1
SuppressWarningsTest.java:setUp(),1
SuppressWarningsTest.java:testNegativeCase(),1
ASTHelpers.java:sameVariable(),14
ASTHelpers.java:getSymbol(),9
ASTHelpers.java:getSymbol(),1
ASTHelpers.java:getSymbol(),1
ASTHelpers.java:getSymbol(),1
ASTHelpers.java:getSymbol(),2
ASTHelpers.java:findPathFromEnclosingNodeToTopLevel(),3
ASTHelpers.java:findEnclosingNode(),2
ASTHelpers.java:getRootAssignable(),6
ASTHelpers.java:getReturnType(),3
ASTHelpers.java:getReceiverType(),3
ASTHelpers.java:getReceiver(),3
ASTHelpers.java:matchBinaryTree(),5
ASTHelpers.java:getActualStartPosition(),5
ASTHelpers.java:findSuperMethods(),9
ASTHelpers.java:findSuperMethod(),4
ASTHelpers.java:hasAnnotation(),1
ASTHelpers.java:hasAnnotation(),1
ASTHelpers.java:getAnnotation(),2
ASTHelpers.java:getAnnotation(),2
ASTHelpers.java:enumValues(),5
ASTHelpers.java:isGeneratedConstructor(),2
ASTHelpers.java:getType(),7
ASTHelpers.java:getAnnotationName(),2
ASTHelpers.java:enclosingSymbol(),3
ASTHelpers.java:enclosingClass(),1
ASTHelpers.java:enclosingPackage(),1
ASTHelpers.java:getNullnessValue(),1
ASTHelpers.java:constValue(),2
EditDistance.java:EditDistance(),1
EditDistance.java:getEditDistance(),1
EditDistance.java:getEditDistance(),9
EditDistance.java:isEmptyOrWhitespace(),2
OperatorPrecedence.java:OperatorPrecedence(),1
OperatorPrecedence.java:isHigher(),1
OperatorPrecedence.java:from(),36
